{
	"profileName": "Meshi",
    "leftQuadPosition": {
        "x": -0.11897190660238266,
        "y": -0.09129051119089127,
        "z": 0.9963325262069702
    },
    "leftQuadRotation": {
        "x": -6.361109555763633e-13,
        "y": 180.0,
        "z": 7.120623588562012
    },
    "leftQuadScale": {
        "x": 0.0009085564524866641,
        "y": 0.0009085564524866641,
        "z": 0.0005600000149570406
    },
    "rightQuadPosition": {
        "x": -0.007663141004741192,
        "y": -0.0347302220761776,
        "z": 0.8783220648765564
    },
    "rightQuadRotation": {
        "x": 4.4273321987697845e-12,
        "y": 180.0,
        "z": 351.3228454589844
    },
    "rightQuadScale": {
        "x": 0.0008059520041570067,
        "y": 0.0008059520041570067,
        "z": 0.0005599085125140846
    },
    "positionSpeed": 1.0,
    "rotationSpeed": 0.10000000149011612,
    "scaleSpeed": 0.10000000149011612,
    "depthAdjustSpeed": 0.000009999999747378752
}